accuracy,baseline,class,classifier,elapsed_sec,f1,f1_micro,f1_weighted,feature,n_test,n_train_bal,n_train_raw,pr_auc,precision,precision_micro,precision_weighted,recall,recall_micro,recall_weighted,roc_auc,support,task,task_type
0.9242040403478002,0.9838905746870448,__all__,dnn,306.14543175697327,0.5358592135401549,0.9242040403478002,0.9467352263287373,mfcc45,215526,361083,6476654,0.0964845873516004,0.528202134407915,0.9242040403478002,0.972985122274506,0.6145774105382861,0.9242040403478002,0.9242040403478002,0.6712406508576049,,fluent_vs_I,binary
,,not_I,dnn,,0.9604138900331984,,,mfcc45,,,,,0.9877925987957092,,,0.934511963933715,,,,212054,fluent_vs_I,binary
,,I,dnn,,0.11130453704711131,,,mfcc45,,,,,0.06861167002012072,,,0.29464285714285715,,,,3472,fluent_vs_I,binary
0.8944396499726252,0.9995128197990034,__all__,dnn,28.57111096382141,0.47266468232874986,0.8944396499726252,0.9438160586287879,mfcc45,215526,19314,6476654,0.0006212653547028787,0.5000235544208149,0.8944396499726252,0.9990310875306686,0.5045528125325359,0.8944396499726252,0.8944396499726252,0.6154132295984762,,fluent_vs_P,binary
,,not_P,dnn,,0.9442755776102989,,,mfcc45,,,,,0.9995177749201477,,,0.8948199107793576,,,,215421,fluent_vs_P,binary
,,P,dnn,,0.0010537870472008782,,,mfcc45,,,,,0.000529333921482135,,,0.11428571428571428,,,,105,fluent_vs_P,binary
0.8995712814231229,0.994710614960608,__all__,dnn,180.18144416809082,0.4830556138689547,0.8995712814231229,0.9421677865717535,mfcc45,215526,203247,6476654,0.008501503734565652,0.502628416468149,0.8995712814231229,0.9900099670576857,0.5437928733563219,0.8995712814231229,0.8995712814231229,0.6175059034360224,,fluent_vs_PR,binary
,,not_PR,dnn,,0.9470765574455912,,,mfcc45,,,,,0.9952209906423913,,,0.9033752203968543,,,,214386,fluent_vs_PR,binary
,,PR,dnn,,0.019034670292318152,,,mfcc45,,,,,0.01003584229390681,,,0.18421052631578946,,,,1140,fluent_vs_PR,binary
0.910590833588523,0.9852593190612734,__all__,dnn,253.18779516220093,0.49142210173837536,0.910590833588523,0.9395242859633254,mfcc45,215526,443277,6476654,0.01622909936752828,0.5015944120390478,0.910590833588523,0.97123977594082,0.5078400275107893,0.910590833588523,0.910590833588523,0.5256781343766707,,fluent_vs_PWR,binary
,,not_PWR,dnn,,0.953136247786922,,,mfcc45,,,,,0.9855061530956584,,,0.9228251604669672,,,,212349,fluent_vs_PWR,binary
,,PWR,dnn,,0.029707955689828803,,,mfcc45,,,,,0.017682670982437212,,,0.09285489455461127,,,,3177,fluent_vs_PWR,binary
0.9128782606274881,0.972156491560183,__all__,dnn,364.06209206581116,0.48870217557612267,0.9128782606274881,0.9284726042108331,mfcc45,215526,350328,6476654,0.025763411315579694,0.4940746630008629,0.9128782606274881,0.9448472231751781,0.4873982057757108,0.9128782606274881,0.9128782606274881,0.4926176238256118,,fluent_vs_PhR,binary
,,not_PhR,dnn,,0.9544062763304544,,,mfcc45,,,,,0.9714297012476026,,,0.9379692160839995,,,,209525,fluent_vs_PhR,binary
,,PhR,dnn,,0.022998074821790938,,,mfcc45,,,,,0.016719624754123166,,,0.036827195467422094,,,,6001,fluent_vs_PhR,binary
0.938513218822787,0.9765550328034669,__all__,dnn,133.7982301712036,0.49842001113526146,0.938513218822787,0.9462214551485141,mfcc45,215526,237534,6476654,0.024128358425493747,0.4996138570429332,0.938513218822787,0.9541619588479302,0.49935466803118694,0.938513218822787,0.938513218822787,0.514813365501239,,fluent_vs_WR,binary
,,not_WR,dnn,,0.968251838719724,,,mfcc45,,,,,0.9765242561745845,,,0.9601183999847962,,,,210473,fluent_vs_WR,binary
,,WR,dnn,,0.028588183550799003,,,mfcc45,,,,,0.022703457911281873,,,0.03859093607757768,,,,5053,fluent_vs_WR,binary
0.8672225160769467,0.9120848528715793,__all__,dnn,1196.9144351482391,0.5205425254202335,0.8672225160769467,0.8565555267480737,mfcc45,215526,1614783,6476654,0.1145761540873056,0.5260242397634142,0.8672225160769467,0.8468526314756379,0.518803679982873,0.8672225160769467,0.8672225160769467,0.5232365978750978,,fluent_vs_disfluent,binary
,,Fluent,dnn,,0.9282413269975802,,,mfcc45,,,,,0.9152989115652986,,,0.9415550061553175,,,,196578,fluent_vs_disfluent,binary
,,Disfluent,dnn,,0.11284372384288681,,,mfcc45,,,,,0.1367495679615298,,,0.09605235381042854,,,,18948,fluent_vs_disfluent,binary
0.3785668550430111,0.9120848528715793,__all__,dnn,63.46506190299988,0.11154803968503482,0.3785668550430111,0.5140683981307209,mfcc45,215526,83694,6476654,,0.15030912609771999,0.3785668550430111,0.8355428487854222,0.1747962270614043,0.3785668550430111,0.3785668550430111,,,multiclass,multiclass
,,Fluent,dnn,,0.5593715037957528,,,mfcc45,,,,,0.9133521581282775,,,0.40313259876486685,,,,196578,multiclass,multiclass
,,I,dnn,,0.12004517221908527,,,mfcc45,,,,,0.07465936226998174,,,0.3061635944700461,,,,3472,multiclass,multiclass
,,PR,dnn,,0.016183412002697236,,,mfcc45,,,,,0.008328834734325595,,,0.28421052631578947,,,,1140,multiclass,multiclass
,,PhR,dnn,,0.022235660789877657,,,mfcc45,,,,,0.015423335054207538,,,0.039826695550741545,,,,6001,multiclass,multiclass
,,WR,dnn,,0.03525548706722737,,,mfcc45,,,,,0.024865919063871283,,,0.060558084306352664,,,,5053,multiclass,multiclass
,,PWR,dnn,,0.027745041920603387,,,mfcc45,,,,,0.015534273433376065,,,0.12968209002203337,,,,3177,multiclass,multiclass
,,P,dnn,,0.0,,,mfcc45,,,,,0.0,,,0.0,,,,105,multiclass,multiclass
0.8746137356977812,0.9838905746870448,__all__,rf,42.89948606491089,0.5123268431018855,0.8746137356977812,0.9191146202354374,mfcc45,215526,361083,6476654,0.12093421420508352,0.5204799620641906,0.8746137356977812,0.9737953596317382,0.6383876415337038,0.8746137356977812,0.8746137356977812,0.7101135121916385,,fluent_vs_I,binary
,,not_I,rf,,0.932657180592589,,,mfcc45,,,,,0.9888868925574416,,,0.882478048044366,,,,212054,fluent_vs_I,binary
,,I,rf,,0.09199650561118204,,,mfcc45,,,,,0.052073031570939524,,,0.3942972350230415,,,,3472,fluent_vs_I,binary
0.9348245687295268,0.9995128197990034,__all__,rf,14.890536308288574,0.48315727629165117,0.9348245687295268,0.9658437832653488,mfcc45,215526,19314,6476654,0.000326325608219614,0.49973956266370345,0.9348245687295268,0.9989921988862379,0.46764010936723904,0.9348245687295268,0.9348245687295268,0.3259591351685438,,fluent_vs_P,binary
,,not_P,rf,,0.9663145525833023,,,mfcc45,,,,,0.9994791253274069,,,0.9352802187344781,,,,215421,fluent_vs_P,binary
,,P,rf,,0.0,,,mfcc45,,,,,0.0,,,0.0,,,,105,fluent_vs_P,binary
0.8413230886296781,0.994710614960608,__all__,rf,29.483297109603882,0.4686139658171923,0.8413230886296781,0.9089368981182396,mfcc45,215526,203247,6476654,0.012272909435137647,0.5040929417811504,0.8413230886296781,0.9907938533844771,0.6030755518697951,0.8413230886296781,0.8413230886296781,0.6999798322455266,,fluent_vs_PR,binary
,,not_PR,rf,,0.9136447767450199,,,mfcc45,,,,,0.9959975996608695,,,0.8438704019852042,,,,214386,fluent_vs_PR,binary
,,PR,rf,,0.02358315488936474,,,mfcc45,,,,,0.012188283901431311,,,0.362280701754386,,,,1140,fluent_vs_PR,binary
0.7382125590416005,0.9852593190612734,__all__,rf,53.94054985046387,0.4426312238766753,0.7382125590416005,0.8365563668447021,mfcc45,215526,443277,6476654,0.031853080645791065,0.5031513815116876,0.7382125590416005,0.972618369884744,0.541437141240098,0.7382125590416005,0.7382125590416005,0.5542337890543008,,fluent_vs_PWR,binary
,,not_PWR,rf,,0.8485225973077605,,,mfcc45,,,,,0.9868793285413635,,,0.7441899891216818,,,,212349,fluent_vs_PWR,binary
,,PWR,rf,,0.036739850445590194,,,mfcc45,,,,,0.01942343448201166,,,0.3386842933585143,,,,3177,fluent_vs_PWR,binary
0.8279836307452465,0.972156491560183,__all__,rf,43.10333180427551,0.4634915550688908,0.8279836307452465,0.8810798216775091,mfcc45,215526,350328,6476654,0.02299624405642414,0.4910795790063511,0.8279836307452465,0.9428748205994862,0.4584649820026615,0.8279836307452465,0.8279836307452465,0.44909466367624645,,fluent_vs_PhR,binary
,,not_PhR,rf,,0.9057053910247932,,,mfcc45,,,,,0.9695176071484969,,,0.8497744899176709,,,,209525,fluent_vs_PhR,binary
,,PhR,rf,,0.021277719112988383,,,mfcc45,,,,,0.012641550864205276,,,0.06715547408765206,,,,6001,fluent_vs_PhR,binary
0.8048541707265017,0.9765550328034669,__all__,rf,32.691964864730835,0.4632535824272199,0.8048541707265017,0.8713726993724067,mfcc45,215526,237534,6476654,0.022866891211269037,0.4977969564574657,0.8048541707265017,0.9533552698459689,0.4858721810354478,0.8048541707265017,0.8048541707265017,0.4651302927128872,,fluent_vs_WR,binary
,,not_WR,rf,,0.8914508407210974,,,mfcc45,,,,,0.9757672663171216,,,0.8205470535413093,,,,210473,fluent_vs_WR,binary
,,WR,rf,,0.03505632413334251,,,mfcc45,,,,,0.019826646597809725,,,0.15119730852958638,,,,5053,fluent_vs_WR,binary
0.7313688371704574,0.9120848528715793,__all__,rf,182.51982522010803,0.49351454943241124,0.7313688371704574,0.7795735562565793,mfcc45,215526,1614783,6476654,0.11336846511551579,0.5088453794363657,0.7313688371704574,0.8444899040560009,0.5193441899835894,0.7313688371704574,0.7313688371704574,0.518244881286771,,fluent_vs_disfluent,binary
,,Fluent,rf,,0.8406020543853225,,,mfcc45,,,,,0.9160970926220409,,,0.7766026717130096,,,,196578,fluent_vs_disfluent,binary
,,Disfluent,rf,,0.14642704447949992,,,mfcc45,,,,,0.10159366625069045,,,0.2620857082541693,,,,18948,fluent_vs_disfluent,binary
0.2454599445078552,0.9120848528715793,__all__,rf,20.850970029830933,0.08958279629045175,0.2454599445078552,0.36223540809361277,mfcc45,215526,83694,6476654,,0.1495560389592694,0.2454599445078552,0.8345948650758234,0.195571395979823,0.2454599445078552,0.2454599445078552,,,multiclass,multiclass
,,Fluent,rf,,0.39243260941611463,,,mfcc45,,,,,0.9122992666852316,,,0.24998219536265504,,,,196578,multiclass,multiclass
,,I,rf,,0.09354544372594914,,,mfcc45,,,,,0.054244306418219465,,,0.339573732718894,,,,3472,multiclass,multiclass
,,PR,rf,,0.022420657930341335,,,mfcc45,,,,,0.011727122002507178,,,0.2543859649122807,,,,1140,multiclass,multiclass
,,PhR,rf,,0.03948176690679622,,,mfcc45,,,,,0.023714486968772014,,,0.11781369771704715,,,,6001,multiclass,multiclass
,,WR,rf,,0.047247403494026535,,,mfcc45,,,,,0.02784756378047486,,,0.1557490599643776,,,,5053,multiclass,multiclass
,,PWR,rf,,0.031951692559934415,,,mfcc45,,,,,0.01705952685968059,,,0.2514951211835065,,,,3177,multiclass,multiclass
,,P,rf,,0.0,,,mfcc45,,,,,0.0,,,0.0,,,,105,multiclass,multiclass
0.947690765847276,0.9838905746870448,__all__,dnn,273.0965909957886,0.5761107711524538,0.947690765847276,0.960197685535899,mfcc_sdc_mod_k7,215526,361083,6476654,0.13468027101914393,0.5545079975653495,0.947690765847276,0.9750807633054125,0.6559765255102615,0.947690765847276,0.947690765847276,0.7676026564444784,,fluent_vs_I,binary
,,not_I,dnn,,0.9729845009537137,,,mfcc_sdc_mod_k7,,,,,0.9890822461049781,,,0.9574023597762834,,,,212054,fluent_vs_I,binary
,,I,dnn,,0.17923704135119395,,,mfcc_sdc_mod_k7,,,,,0.11993374902572097,,,0.35455069124423966,,,,3472,fluent_vs_I,binary
0.9023737275317131,0.9995128197990034,__all__,dnn,98.02333807945251,0.47509819496564354,0.9023737275317131,0.9482164218379253,mfcc_sdc_mod_k7,215526,19314,6476654,0.0007646473925471875,0.5001528101974451,0.9023737275317131,0.9990559672729982,0.5275601198185347,0.9023737275317131,0.9023737275317131,0.6314489832865479,,fluent_vs_P,binary
,,not_P,dnn,,0.9486778591098568,,,mfcc_sdc_mod_k7,,,,,0.9995425528634135,,,0.9027392872561171,,,,215421,fluent_vs_P,binary
,,P,dnn,,0.0015185308214302662,,,mfcc_sdc_mod_k7,,,,,0.0007630675314765357,,,0.1523809523809524,,,,105,fluent_vs_P,binary
0.9076074348338483,0.994710614960608,__all__,dnn,183.81603503227234,0.48857211082234175,0.9076074348338483,0.9466071958561353,mfcc_sdc_mod_k7,215526,203247,6476654,0.01845122239833144,0.5045514379248549,0.9076074348338483,0.990331732709604,0.570518057198354,0.9076074348338483,0.9076074348338483,0.7110981651230499,,fluent_vs_PR,binary
,,not_PR,dnn,,0.9515044506411116,,,mfcc_sdc_mod_k7,,,,,0.9955256358642198,,,0.9112115529931992,,,,214386,fluent_vs_PR,binary
,,PR,dnn,,0.025639771003571954,,,mfcc_sdc_mod_k7,,,,,0.013577239985489972,,,0.22982456140350876,,,,1140,fluent_vs_PR,binary
0.8811141115225077,0.9852593190612734,__all__,dnn,476.7574598789215,0.4831102760748138,0.8811141115225077,0.9233066470517179,mfcc_sdc_mod_k7,215526,443277,6476654,0.015669626486805865,0.5011492735090443,0.8811141115225077,0.9712274942700848,0.5076086860962504,0.8811141115225077,0.8811141115225077,0.5135919879184404,,fluent_vs_PWR,binary
,,not_PWR,dnn,,0.936678454660706,,,mfcc_sdc_mod_k7,,,,,0.9855070202808113,,,0.8924600539677606,,,,212349,fluent_vs_PWR,binary
,,PWR,dnn,,0.029542097488921712,,,mfcc_sdc_mod_k7,,,,,0.01679152673727719,,,0.12275731822474033,,,,3177,fluent_vs_PWR,binary
0.9043734862615184,0.972156491560183,__all__,dnn,277.1853427886963,0.4837815732158066,0.9043734862615184,0.9237922059363266,mfcc_sdc_mod_k7,215526,350328,6476654,0.023088858434710716,0.49174476146757645,0.9043734862615184,0.9443199316818588,0.48027230079638517,0.9043734862615184,0.9043734862615184,0.44742243671315884,,fluent_vs_PhR,binary
,,not_PhR,dnn,,0.9497400431148004,,,mfcc_sdc_mod_k7,,,,,0.9710087113486883,,,0.9293831285049516,,,,209525,fluent_vs_PhR,binary
,,PhR,dnn,,0.01782310331681281,,,mfcc_sdc_mod_k7,,,,,0.01248081158646466,,,0.031161473087818695,,,,6001,fluent_vs_PhR,binary
0.9451759880478457,0.9765550328034669,__all__,dnn,178.8605239391327,0.4946317188916186,0.9451759880478457,0.9494268234128579,mfcc_sdc_mod_k7,215526,237534,6476654,0.020523615046080437,0.49566634860753517,0.9451759880478457,0.9537389259159417,0.4940742354717145,0.9451759880478457,0.9451759880478457,0.45937828842231276,,fluent_vs_WR,binary
,,not_WR,dnn,,0.971801272474739,,,mfcc_sdc_mod_k7,,,,,0.9762746160448423,,,0.9673687361324256,,,,210473,fluent_vs_WR,binary
,,WR,dnn,,0.017462165308498253,,,mfcc_sdc_mod_k7,,,,,0.015058081170228022,,,0.020779734811003363,,,,5053,fluent_vs_WR,binary
0.8816337704035708,0.9120848528715793,__all__,dnn,1224.1095628738403,0.5275674488414415,0.8816337704035708,0.8646442495096751,mfcc_sdc_mod_k7,215526,1614783,6476654,0.11625529680319024,0.5439222379628639,0.8816337704035708,0.8507081981310314,0.524224024999341,0.8816337704035708,0.8816337704035708,0.5102652869110644,,fluent_vs_disfluent,binary
,,Fluent,dnn,,0.9365570032006247,,,mfcc_sdc_mod_k7,,,,,0.916158633004267,,,0.9578844021202779,,,,196578,fluent_vs_disfluent,binary
,,Disfluent,dnn,,0.11857789448225824,,,mfcc_sdc_mod_k7,,,,,0.17168584292146072,,,0.09056364787840405,,,,18948,fluent_vs_disfluent,binary
0.3321037833022466,0.9120848528715793,__all__,dnn,153.58111095428467,0.10487560685897622,0.3321037833022466,0.465410127413905,mfcc_sdc_mod_k7,215526,83694,6476654,,0.1498543571624529,0.3321037833022466,0.8313356459263672,0.1780192737659633,0.3321037833022466,0.3321037833022466,,,multiclass,multiclass
,,Fluent,dnn,,0.505827976489851,,,mfcc_sdc_mod_k7,,,,,0.9086856163028424,,,0.3504563074199554,,,,196578,multiclass,multiclass
,,I,dnn,,0.12150640844672803,,,mfcc_sdc_mod_k7,,,,,0.07556710443149098,,,0.3099078341013825,,,,3472,multiclass,multiclass
,,PR,dnn,,0.016968687968239738,,,mfcc_sdc_mod_k7,,,,,0.008805742008373762,,,0.2324561403508772,,,,1140,multiclass,multiclass
,,PhR,dnn,,0.026842238541402885,,,mfcc_sdc_mod_k7,,,,,0.01797320974396654,,,0.05299116813864356,,,,6001,multiclass,multiclass
,,WR,dnn,,0.03849424824314041,,,mfcc_sdc_mod_k7,,,,,0.024872744099953725,,,0.08509796160696616,,,,5053,multiclass,multiclass
,,PWR,dnn,,0.024073397474932003,,,mfcc_sdc_mod_k7,,,,,0.01286641064028293,,,0.18665407617248977,,,,3177,multiclass,multiclass
,,P,dnn,,0.00041629084853951295,,,mfcc_sdc_mod_k7,,,,,0.0002096729102599944,,,0.02857142857142857,,,,105,multiclass,multiclass
0.8808960403849188,0.9838905746870448,__all__,rf,191.66696405410767,0.5172298335691707,0.8808960403849188,0.9227372897331949,mfcc_sdc_mod_k7,215526,361083,6476654,0.12938127822253553,0.5225240567088861,0.8808960403849188,0.9740816754980114,0.6456881130269444,0.8808960403849188,0.8808960403849188,0.7343043957284334,,fluent_vs_I,binary
,,not_I,rf,,0.9362372263317651,,,mfcc_sdc_mod_k7,,,,,0.989114689396007,,,0.8887264564686354,,,,212054,fluent_vs_I,binary
,,I,rf,,0.09822244080657627,,,mfcc_sdc_mod_k7,,,,,0.055933424021765224,,,0.40264976958525345,,,,3472,fluent_vs_I,binary
0.9496162875940721,0.9995128197990034,__all__,rf,133.46178913116455,0.487446397612578,0.9496162875940721,0.9736823903187646,mfcc_sdc_mod_k7,215526,19314,6476654,0.0005103044766917741,0.49993921368000294,0.9496162875940721,0.9990199904084991,0.4940779085737098,0.9496162875940721,0.9496162875940721,0.47227738552261234,,fluent_vs_P,binary
,,not_P,rf,,0.9741566214881541,,,mfcc_sdc_mod_k7,,,,,0.9995067492332637,,,0.9500605790521816,,,,215421,fluent_vs_P,binary
,,P,rf,,0.0007361737370019325,,,mfcc_sdc_mod_k7,,,,,0.00037167812674224123,,,0.0380952380952381,,,,105,fluent_vs_P,binary
0.8686376585655559,0.994710614960608,__all__,rf,155.6350700855255,0.4765186977463415,0.8686376585655559,0.9247897899807557,mfcc_sdc_mod_k7,215526,203247,6476654,0.010942505908980245,0.503972335502325,0.8686376585655559,0.990535020751801,0.5849581694012816,0.8686376585655559,0.8686376585655559,0.7549529983710314,,fluent_vs_PR,binary
,,not_PR,rf,,0.9295826493558176,,,mfcc_sdc_mod_k7,,,,,0.9957372891290216,,,0.8716707247674755,,,,214386,fluent_vs_PR,binary
,,PR,rf,,0.02345474613686534,,,mfcc_sdc_mod_k7,,,,,0.012207381875628321,,,0.2982456140350877,,,,1140,fluent_vs_PR,binary
0.7318838562400825,0.9852593190612734,__all__,rf,159.8851261138916,0.4392810439812117,0.7318838562400825,0.8323925426183447,mfcc_sdc_mod_k7,215526,443277,6476654,0.03842840684279394,0.5022608126828302,0.7318838562400825,0.9721734576458243,0.5301640660140299,0.7318838562400825,0.7318838562400825,0.5298617459842853,,fluent_vs_PWR,binary
,,not_PWR,rf,,0.8443340570769736,,,mfcc_sdc_mod_k7,,,,,0.9864479539746583,,,0.7380114810995108,,,,212349,fluent_vs_PWR,binary
,,PWR,rf,,0.03422803088544974,,,mfcc_sdc_mod_k7,,,,,0.018073671391001994,,,0.32231665092854894,,,,3177,fluent_vs_PWR,binary
0.8427103922496589,0.972156491560183,__all__,rf,204.80070090293884,0.4666578184253132,0.8427103922496589,0.8895631983377112,mfcc_sdc_mod_k7,215526,350328,6476654,0.021588883102970705,0.49051363075245996,0.8427103922496589,0.9429620217373613,0.4597264756076827,0.8427103922496589,0.8427103922496589,0.4150964402961833,,fluent_vs_PhR,binary
,,not_PhR,rf,,0.9145023228129997,,,mfcc_sdc_mod_k7,,,,,0.9696433251148537,,,0.8652953108220977,,,,209525,fluent_vs_PhR,binary
,,PhR,rf,,0.01881331403762663,,,mfcc_sdc_mod_k7,,,,,0.011383936390066202,,,0.054157640393267786,,,,6001,fluent_vs_PhR,binary
0.8138182864248397,0.9765550328034669,__all__,rf,185.58219623565674,0.4610309073502722,0.8138182864248397,0.8766366182167445,mfcc_sdc_mod_k7,215526,237534,6476654,0.019510601893752682,0.4944699096607232,0.8138182864248397,0.952184311880095,0.4663179642358023,0.8138182864248397,0.8138182864248397,0.4206479276132964,,fluent_vs_WR,binary
,,not_WR,rf,,0.8970830757866821,,,mfcc_sdc_mod_k7,,,,,0.9747023809523809,,,0.8309141790158358,,,,210473,fluent_vs_WR,binary
,,WR,rf,,0.02497873891386223,,,mfcc_sdc_mod_k7,,,,,0.014237438369065426,,,0.10172174945576885,,,,5053,fluent_vs_WR,binary
0.7339392927071444,0.9120848528715793,__all__,rf,520.9835352897644,0.4902950299983882,0.7339392927071444,0.7807335236999026,mfcc_sdc_mod_k7,215526,1614783,6476654,0.10549322547998162,0.505451207069356,0.7339392927071444,0.842569442930878,0.5116923937796728,0.7339392927071444,0.7339392927071444,0.49637227735393624,,fluent_vs_disfluent,binary
,,Fluent,rf,,0.8426963518106529,,,mfcc_sdc_mod_k7,,,,,0.914491036502956,,,0.7813539663644965,,,,196578,fluent_vs_disfluent,binary
,,Disfluent,rf,,0.13789370818612343,,,mfcc_sdc_mod_k7,,,,,0.09641137763575588,,,0.24203082119484906,,,,18948,fluent_vs_disfluent,binary
0.20018466449523492,0.9120848528715793,__all__,rf,201.8504819869995,0.08010155606072958,0.20018466449523492,0.3018058708886104,mfcc_sdc_mod_k7,215526,83694,6476654,,0.14859999003782323,0.20018466449523492,0.8296136462851268,0.19040074826173553,0.20018466449523492,0.20018466449523492,,,multiclass,multiclass
,,Fluent,rf,,0.3261612406593819,,,mfcc_sdc_mod_k7,,,,,0.9068699102109,,,0.19883710282941122,,,,196578,multiclass,multiclass
,,I,rf,,0.09810826304151994,,,mfcc_sdc_mod_k7,,,,,0.057183770883054895,,,0.3450460829493088,,,,3472,multiclass,multiclass
,,PR,rf,,0.019948849104859334,,,mfcc_sdc_mod_k7,,,,,0.010592069527430744,,,0.17105263157894737,,,,1140,multiclass,multiclass
,,PhR,rf,,0.04129766853424905,,,mfcc_sdc_mod_k7,,,,,0.023887306274991506,,,0.1523079486752208,,,,6001,multiclass,multiclass
,,WR,rf,,0.04408996334092936,,,mfcc_sdc_mod_k7,,,,,0.025198901441150657,,,0.17613299030279042,,,,5053,multiclass,multiclass
,,PWR,rf,,0.030479907744167478,,,mfcc_sdc_mod_k7,,,,,0.01615025945702038,,,0.2703808624488511,,,,3177,multiclass,multiclass
,,P,rf,,0.000625,,,mfcc_sdc_mod_k7,,,,,0.0003177124702144559,,,0.01904761904761905,,,,105,multiclass,multiclass
